Year,Disaster Type,Disaster Subtype,Event Name,Country,ISO,Region,Continent,Latitude,Longitude,Start Year,Start Month,Start Day,End Year,End Month,End Day,Total Deaths,No Injured,No Affected,No Homeless,Total Affected,Total Damages ('000 US$),"Total Damages, Adjusted ('000 US$)",CPI
1902,Volcanic activity,Ash fall,Mount Pelee,Martinique,MTQ,Caribbean,Americas,14.82N,61.17W,1902,5,8,1902,5,8,30000,,,,,,,2.963047785
1985,Volcanic activity,Ash fall,Nevado Del Ruiz,Colombia,COL,South America,Americas,4.895N,75.316W,1985,11,13,1985,11,13,21800,5000,7700,,12700,1000000,2720684,36.75546794
1902,Volcanic activity,Ash fall,Santa Maria,Guatemala,GTM,Central America,Americas,14.757N,91.552W,1902,10,24,1902,10,24,6000,,,,,,,2.963047785
1919,Volcanic activity,Ash fall,Mt. Kelud,Indonesia,IDN,South-Eastern Asia,Asia,7.937S,112.308E,1919,5,,1919,5,,5000,,,,,,,5.937491908
1951,Volcanic activity,Ash fall,Lamington,Papua New Guinea,PNG,Melanesia,Oceania,5.035S,150.383E,1951,1,15,1951,1,20,3000,,,,,,,8.889143356
1986,Volcanic activity,Ash fall,Lake Nyos,Cameroon,CMR,Middle Africa,Africa,6.441N, 10.288E,1986,8,24,1986,8,25,1746,437,10000,,10437,,,37.45311166
1963,Volcanic activity,Ash fall,Mt. Agung,Indonesia,IDN,South-Eastern Asia,Asia,8.342S, 115.508E,1963,1,3,1963,1,3,1584,,78000,,78000,,,10.46454239
1902,Volcanic activity,Ash fall,Mount Soufriere,Saint Vincent and the Grenadines,VCT,Caribbean,Americas,13.81N,61.18W,1902,5,7,1902,5,7,1565,,,,,,,2.963047785
1930,Volcanic activity,Ash fall,Mt. Merapi,Indonesia,IDN,South-Eastern Asia,Asia,7.54S,110.446E,1930,,,1930,,,1369,,,,,,,5.720961493
1911,Volcanic activity,Ash fall,Mount Taal,Philippines (the),PHL,South-Eastern Asia,Asia,14.002N,120.994E,1911,1,31,1911,1,31,1335,199,,,199,,,3.190974538
1931,Volcanic activity,Ash fall,Mt. Merapi,Indonesia,IDN,South-Eastern Asia,Asia,7.54S,110.446E,1931,12,13,1931,12,13,1300,,,,,,,5.208126299
1951,Volcanic activity,Ash fall,Mt. Merapi,Indonesia,IDN,South-Eastern Asia,Asia,7.54S,110.446E,1951,,,1951,,,1300,,,,,,,8.889143356
1902,Volcanic activity,Ash fall,Santa Maria,Guatemala,GTM,Central America,Americas,14.757N,91.552W,1902,4,8,1902,4,8,1000,,,,,,,2.963047785
1949,Volcanic activity,Ash fall,Purace,Colombia,COL,South America,Americas,2.32N,76.63W,1949,,,1949,,,1000,,,,,,,8.148381409
1966,Volcanic activity,Ash fall,Mt. Kelud,Indonesia,IDN,South-Eastern Asia,Asia,7.937S,112.308E,1966,4,25,1966,4,25,1000,60,5000,,5060,,,11.09099715
1949,Volcanic activity,Ash fall,Paricutin,Mexico,MEX,Central America,Americas,19.492N,102.251W,1949,,,1949,,,1000,,,,,,,8.148381409
1906,Volcanic activity,Ash fall,Mt. Vesuve,Italy,ITA,Southern Europe,Europe,40.821,14.426,1906,4,18,1906,4,18,700,,,,,,,3.077011162
1991,Volcanic activity,Ash fall,Mount Pinatubo,Philippines (the),PHL,South-Eastern Asia,Asia,15.13 N,120.35 E,1991,6,9,1991,6,22,640,195,1035870,,1036065,211000,453406,46.53662061
1937,Volcanic activity,Ash fall,Tavurvur,Papua New Guinea,PNG,Melanesia,Oceania,4.21S,152.203E,1937,5,29,1937,5,29,506,,7500,,7500,,,4.923217859
1951,Volcanic activity,Ash fall,Hibok-Hibok,Philippines (the),PHL,South-Eastern Asia,Asia,9.20N,124.666E,1951,12,4,1951,12,4,500,,,,,,,8.889143356
2018,Volcanic activity,Pyroclastic flow,Volcan de Fuego,Guatemala,GTM,Central America,Americas,14.473N,90.880W,2018,6,3,2018,6,3,461,27,1714387,,1714414,,,85.80302606
2018,Volcanic activity,,Anak Krakatoa,Indonesia,IDN,South-Eastern Asia,Asia,6.102S,105.423E,2018,12,22,2018,12,22,453,14059,33719,,47778,250000,291365,85.80302606
1965,Volcanic activity,Ash fall,Mt. Taal,Philippines (the),PHL,South-Eastern Asia,Asia,14.002N,120.994E,1965,9,28,1965,9,28,355,785,50000,8000,58785,10000,92882,10.76637873
2010,Volcanic activity,Ash fall,Mt. Merapi,Indonesia,IDN,South-Eastern Asia,Asia,7.54S,110.446E,2010,10,24,2010,10,24,322,454,136686,,137140,,,74.50944408
2002,Volcanic activity,Ash fall,Mt. Nyiragongo,Congo (the Democratic Republic of the),COD,Middle Africa,Africa,1,29,2002,1,17,2002,1,21,200,400,,110000,110400,9000,14643,61.46318826
1981,Volcanic activity,Ash fall,Mt. Semeru,Indonesia,IDN,South-Eastern Asia,Asia,,,1981,3,2,1981,3,2,192,,,5000,5000,,,31.06902495
1979,Volcanic activity,Ash fall,Mt. Sinila,Indonesia,IDN,South-Eastern Asia,Asia,,,1979,2,20,1979,2,20,175,1000,17000,10000,28000,,,24.79884057
1953,Volcanic activity,Ash fall,Ruapehu,New Zealand,NZL,Australia and New Zealand,Oceania,,,1953,12,25,1953,12,25,150,,,,,,,9.162655459
1977,Volcanic activity,Ash fall,Mt. Nyiragongo,Congo (the Democratic Republic of the),COD,Middle Africa,Africa,-1.52,29.25,1977,1,10,1977,1,10,147,,,60000,60000,,,20.7098325
1926,Volcanic activity,Ash fall,Mount Tokachi,Japan,JPN,Eastern Asia,Asia,,,1926,,,1926,,,144,,,,,,,6.062851622
1914,Volcanic activity,Ash fall,Mount Sakurajima,Japan,JPN,Eastern Asia,Asia,,,1914,1,3,1914,1,3,140,,,,,20000,583040,3.430297628
1902,Volcanic activity,Ash fall,,Japan,JPN,Eastern Asia,Asia,,,1902,8,,1902,8,,125,,,,,,,2.963047785
1963,Volcanic activity,Ash fall,,Indonesia,IDN,South-Eastern Asia,Asia,,,1963,5,,1963,5,,106,,,,,,,10.46454239
1982,Volcanic activity,Ash fall,El Chichon,Mexico,MEX,Central America,Americas,,,1982,3,28,1982,3,28,100,500,25000,15000,40500,117000,354825,32.97399781
1948,Volcanic activity,Ash fall,,Chile,CHL,South America,Americas,,,1948,10,,1948,10,,100,,,,,,,8.228155773
1980,Volcanic activity,Ash fall,Mount St.Helen,United States of America (the),USA,Northern America,Americas,,,1980,5,18,1980,5,18,90,,,2500,2500,860000,3054098,28.15888663
1966,Volcanic activity,Ash fall,Mt. Awu,Indonesia,IDN,South-Eastern Asia,Asia,,,1966,8,12,1966,8,12,88,2000,40000,,42000,,,11.09099715
1968,Volcanic activity,Ash fall,Mount Arenal,Costa Rica,CRI,Central America,Americas,,,1968,7,29,1968,7,29,87,,12391,3280,15671,5000,42068,11.88544651
1950,Volcanic activity,Ash fall,,Philippines (the),PHL,South-Eastern Asia,Asia,,,1950,9,,1950,9,,84,,,,,,,8.23955211
1979,Volcanic activity,Ash fall,Mt. Merapi,Indonesia,IDN,South-Eastern Asia,Asia,,,1979,5,,1979,5,,82,,,,,,,24.79884057
1993,Volcanic activity,Ash fall,Mayon,Philippines (the),PHL,South-Eastern Asia,Asia,13.3 N,123.7 E,1993,2,6,1993,3,19,79,9,108000,57000,165009,488,989,49.36133216
2021,Volcanic activity,Pyroclastic flow,Mount Semeru,Indonesia,IDN,South-Eastern Asia,Asia,,,2021,12,4,2021,12,9,71,27,10965,,10992,20000,21601,92.59019293
1977,Volcanic activity,Ash fall,Nyiragongo,Ethiopia,ETH,Eastern Africa,Africa,,,1977,1,,1977,1,,64,,,,,,,20.7098325
2014,Volcanic activity,,Mt. Ontake,Japan,JPN,Eastern Asia,Asia,35.893,137.48,2014,9,27,2014,9,30,63,69,,,69,,,80.89262372
1994,Volcanic activity,Ash fall,Mt. Merapi,Indonesia,IDN,South-Eastern Asia,Asia,7.5 S,110.4 E,1994,11,22,1994,12,,58,22,2700,,2722,,,50.64840266
1991,Volcanic activity,Ash fall,Unzen,Japan,JPN,Eastern Asia,Asia,32.75 N,130.3 E,1991,6,3,1991,6,8,43,20,10000,,10020,10000,21488,46.53662061
1976,Volcanic activity,Ash fall,,Indonesia,IDN,South-Eastern Asia,Asia,,,1976,,,1976,,,40,,,,,,,19.44554409
1954,Volcanic activity,Ash fall,,Indonesia,IDN,South-Eastern Asia,Asia,,,1954,1,,1954,1,,37,,,,,,,9.196844472
1984,Volcanic activity,Ash fall,Volcanic lake Monoum,Cameroon,CMR,Middle Africa,Africa,,,1984,8,15,1984,8,15,37,,,,,,,35.49688113
1990,Volcanic activity,Ash fall,Mt. Kelud,Indonesia,IDN,South-Eastern Asia,Asia,7.9 S,112.3 E,1990,2,10,1990,2,12,33,,10265,,10265,8000,17919,44.64587744
2014,Volcanic activity,Ash fall,Mt. Sinabung,Indonesia,IDN,South-Eastern Asia,Asia,3.17,98.392,2014,2,1,2014,2,1,32,2,32000,,32002,83000,102605,80.89262372
1997,Volcanic activity,Ash fall,Soufriere,Montserrat,MSR,Caribbean,Americas,16.45 N,62.14 W,1997,6,25,1997,6,25,32,,4000,,4000,8000,14586,54.84845417
2021,Volcanic activity,Lava flow,Mount Nyiragongo,Congo (the Democratic Republic of the),COD,Middle Africa,Africa,,,2021,5,22,2021,5,23,32,,288404,,288404,,,92.59019293
1994,Volcanic activity,Ash fall,Mt. Barujari,Indonesia,IDN,South-Eastern Asia,Asia,,,1994,11,3,1994,11,3,31,,,,,,,50.64840266
1982,Volcanic activity,Ash fall,Mt. Galunggung,Indonesia,IDN,South-Eastern Asia,Asia,,,1982,4,5,1982,4,5,30,,300000,,300000,160000,485231,32.97399781
1900,Volcanic activity,Ash fall,,Japan,JPN,Eastern Asia,Asia,,,1900,7,7,1900,7,7,30,,,,,,,2.849084409
1952,Volcanic activity,Ash fall,Myozin-Syo,Japan,JPN,Eastern Asia,Asia,,,1952,9,24,1952,9,24,29,,29,,29,,,9.094277433
1944,Volcanic activity,Ash fall,Mt. Vesuve,Italy,ITA,Southern Europe,Europe,40.821,14.426,1944,3,18,1944,3,18,26,,,14000,14000,,,6.028662609
2019,Volcanic activity,Ash fall,Whakaari/White Island volcano,New Zealand,NZL,Australia and New Zealand,Oceania,,,2019,12,9,2019,12,9,21,23,,,23,,,87.35800677
1997,Volcanic activity,Ash fall,Popocatepelt,Mexico,MEX,Central America,Americas,19.02 N,98.38 W,1997,7,1,1997,7,1,20,,,,,,,54.84845417
1903,Volcanic activity,Ash fall,Mount Karthala,Comoros (the),COM,Eastern Africa,Africa,,,1903,,,1903,,,17,,,,,,,3.077011162
2008,Volcanic activity,Ash fall,Nevado del Huila,Colombia,COL,South America,Americas,2.93,-76.03,2008,11,20,2008,11,20,16,7,8000,,8007,,,73.56874554
1963,Volcanic activity,Ash fall,,Costa Rica,CRI,Central America,Americas,,,1963,3,18,1963,3,18,15,200,5000,,5200,,,10.46454239
1993,Volcanic activity,Ash fall,Galeras,Colombia,COL,South America,Americas,1.2 N,77.4 W,1993,1,14,1993,1,14,10,6,,,6,,,49.36133216
1979,Volcanic activity,Ash fall,Mt. Etna,Italy,ITA,Southern Europe,Europe,37.734,15.004,1979,9,12,1979,9,12,9,24,,,24,,,24.79884057
2014,Volcanic activity,Ash fall,Mt. Kelud,Indonesia,IDN,South-Eastern Asia,Asia,-7.93,112.308,2014,2,14,2014,2,14,7,70,83088,,83158,103000,127329,80.89262372
1988,Volcanic activity,Ash fall,Banda Api,Indonesia,IDN,South-Eastern Asia,Asia,,,1988,5,9,1988,5,9,7,,7500,2500,10000,,,40.40880605
1994,Volcanic activity,Ash fall,Mt. Semeru,Indonesia,IDN,South-Eastern Asia,Asia,8.1 S,112.9 E,1994,2,3,1994,2,3,7,,2000,,2000,,,50.64840266
1993,Volcanic activity,Ash fall,Lascar,Chile,CHL,South America,Americas,,,1993,4,19,1993,4,19,6,,350,,350,,,49.36133216
2007,Volcanic activity,Ash fall,,Yemen,YEM,Western Asia,Asia,,,2007,9,30,2007,9,30,6,15,,,15,,,70.8487927
2006,Volcanic activity,Ash fall,Tungurahua,Ecuador,ECU,South America,Americas,-1.467,-78.442,2006,7,14,2006,8,17,5,13,300000,,300013,150000,217758,68.88375871
1994,Volcanic activity,Ash fall,Rabaul,Papua New Guinea,PNG,Melanesia,Oceania,-4.271,152.203,1994,9,19,1994,9,19,5,2,106000,46000,152002,110000,217184,50.64840266
2007,Volcanic activity,Ash fall,Mount Arteale,Ethiopia,ETH,Eastern Africa,Africa,12.17,40.82,2007,8,12,2007,8,12,5,,2000,,2000,,,70.8487927
2022,Volcanic activity,Ash fall,Hunga-Tonga-Hunga-Ha'apai,Tonga,TON,Polynesia,Oceania,,,2022,1,15,2022,1,15,4,,84176,,84176,118000,118000,100
1964,Volcanic activity,Ash fall,,Chile,CHL,South America,Americas,,,1964,3,2,1964,3,2,4,,2000,,2000,,,10.59837602
1996,Volcanic activity,Ash fall,Manam,Papua New Guinea,PNG,Melanesia,Oceania,-4.08,145.037,1996,12,4,1996,12,4,4,29,1500,,1529,,,53.59556085
1977,Volcanic activity,Ash fall,Mount Usu,Japan,JPN,Eastern Asia,Asia,,,1977,8,7,1977,8,7,3,,10000,,10000,22000,106230,20.7098325
1968,Volcanic activity,Ash fall,Mount Mayon,Philippines (the),PHL,South-Eastern Asia,Asia,,,1968,4,20,1968,4,20,3,,45000,6000,51000,5000,42068,11.88544651
2011,Volcanic activity,Ash fall,Mt. Gamalama,Indonesia,IDN,South-Eastern Asia,Asia,0.8,127.33,2011,12,4,2011,12,27,3,5,2368,,2373,,,76.86159538
1975,Volcanic activity,Ash fall,Mt Arenal,Costa Rica,CRI,Central America,Americas,,,1975,6,,1975,6,,2,,,,,,,18.38912907
1979,Volcanic activity,Ash fall,Mount Soufriere,Saint Vincent and the Grenadines,VCT,Caribbean,Americas,,,1979,4,13,1979,4,13,2,,20000,,20000,,,24.79884057
1993,Volcanic activity,Ash fall,Karangetang,Indonesia,IDN,South-Eastern Asia,Asia,6.3 S,106 E,1993,1,25,1993,1,25,2,,452,,452,,,49.36133216
2004,Volcanic activity,Ash fall,Mt. Bromo,Indonesia,IDN,South-Eastern Asia,Asia,,,2004,6,8,2004,6,8,2,5,20000,,20005,,,64.54132928
2005,Volcanic activity,Ash fall,Santa Ana (Ilamatepec),El Salvador,SLV,Central America,Americas,13.852846,-89.63,2005,10,1,2005,10,1,2,,2000,,2000,,,66.73105799
2022,Volcanic activity,Ash fall,Hunga-Tonga-Hunga-Ha'apai,Peru,PER,South America,Americas,,,2022,1,15,2022,1,15,2,,,,,,,100
2021,Volcanic activity,Lava flow,Cumbre Vieja volcano,Canary Is,SPI,Southern Europe,Europe,,,2021,9,19,2021,12,25,1,,339,6549,6888,1000000,1080028,92.59019293
2020,Volcanic activity,Ash fall,Taal volcano,Philippines (the),PHL,South-Eastern Asia,Asia,,,2020,1,12,2020,1,22,1,,736802,,736802,66000,74631,88.43564081
1976,Volcanic activity,Ash fall,Cotopaxi,Ecuador,ECU,South America,Americas,-0.677,-78.436,1976,12,,1976,12,,1,,20000,5000,25000,,,19.44554409
1977,Volcanic activity,Ash fall,Mount Karthala,Comoros (the),COM,Eastern Africa,Africa,,,1977,4,5,1977,4,5,1,,20000,5000,25000,,,20.7098325
1992,Volcanic activity,Ash fall,Cerro Negro,Nicaragua,NIC,Central America,Americas,12.5 N,86.7 W,1992,4,9,1992,4,16,1,75,300000,,300075,,,47.94612964
1993,Volcanic activity,Ash fall,Damar,Indonesia,IDN,South-Eastern Asia,Asia,,,1993,1,21,1993,1,21,1,12,3000,,3012,,,49.36133216
1993,Volcanic activity,Ash fall,Unzen,Japan,JPN,Eastern Asia,Asia,32.75 N,130.3 E,1993,6,23,1993,6,23,1,,4930,,4930,,,49.36133216
1997,Volcanic activity,Ash fall,Mt. Merapi,Indonesia,IDN,South-Eastern Asia,Asia,7.32 S,110.26 E,1997,1,17,1997,1,17,1,,3000,,3000,,,54.84845417
2005,Volcanic activity,Ash fall,Karthala,Comoros (the),COM,Eastern Africa,Africa,,,2005,11,24,2005,12,10,1,,245000,,245000,,,66.73105799
2010,Volcanic activity,Ash fall,Mt. Sinabung,Indonesia,IDN,South-Eastern Asia,Asia,3.17,98.392,2010,8,29,2010,9,7,1,1,15059,,15060,,,74.50944408
2015,Volcanic activity,Ash fall,Calbuco,Chile,CHL,South America,Americas,,,2015,4,24,2015,4,30,,,4000,,4000,600000,740845,80.98857899
2018,Volcanic activity,Lava flow,Kilauea,United States of America (the),USA,Northern America,Americas,,,2018,5,3,2018,5,30,,,2500,,2500,500000,582730,85.80302606
2021,Volcanic activity,Pyroclastic flow,La Souffriäre,Saint Vincent and the Grenadines,VCT,Caribbean,Americas,,,2021,4,9,2021,4,30,,,13300,,13300,325000,351009,92.59019293
1983,Volcanic activity,Ash fall,Mt. Gamalama,Indonesia,IDN,South-Eastern Asia,Asia,,,1983,9,9,1983,9,9,,,6334,,6334,149690,439834,34.03326363
2018,Volcanic activity,,Mount Etna,Italy,ITA,Southern Europe,Europe,,,2018,12,24,2018,12,26,,28,300,,328,115000,134028,85.80302606
2011,Volcanic activity,Ash fall,"Volcano ""Puyehue""",Argentina,ARG,South America,Americas,-40.59,-72.12,2011,6,4,2011,6,17,,,3000,,3000,104000,135308,76.86159538
1945,Volcanic activity,Ash fall,Unsendake,Japan,JPN,Eastern Asia,Asia,,,1945,,,1945,,,,,,,,80000,1297560,6.165418661
1983,Volcanic activity,Ash fall,Mt. Colo,Indonesia,IDN,South-Eastern Asia,Asia,,,1983,7,14,1983,7,14,,,7101,,7101,25500,74927,34.03326363
1973,Volcanic activity,Ash fall,Eldafjell,Iceland,ISL,Northern Europe,Europe,,,1973,1,23,1973,2,10,,,5200,,5200,24700,162806,15.17145282
1996,Volcanic activity,Ash fall,Grimsvotn,Iceland,ISL,Northern Europe,Europe,64.42 N,17.33 W,1996,10,1,1996,11,7,,,,,,16500,30786,53.59556085
1991,Volcanic activity,Ash fall,Hudson,Chile,CHL,South America,Americas,45.54 S,72.58 W,1991,8,13,1991,8,13,,,62000,1200,63200,15000,32233,46.53662061
2001,Volcanic activity,Ash fall,Tungurahua,Ecuador,ECU,South America,Americas,-1.467,-78.442,2001,8,14,2001,8,14,,,22770,,22770,10975,18139,60.50357889
2018,Volcanic activity,Lava flow,Mt. Mayon,Philippines (the),PHL,South-Eastern Asia,Asia,,,2018,1,13,2018,3,6,,,86056,,86056,3564,4154,85.80302606
2001,Volcanic activity,Ash fall,Mt. Etna,Italy,ITA,Southern Europe,Europe,37.734,15.004,2001,7,18,2001,7,18,,,,,,3100,5124,60.50357889
2000,Volcanic activity,Ash fall,Mt. Mayon,Philippines (the),PHL,South-Eastern Asia,Asia,13.257,123.685,2000,2,24,2000,3,9,,,68426,,68426,2214,3763,58.84064849
1971,Volcanic activity,Ash fall,Cerro Negro,Nicaragua,NIC,Central America,Americas,,,1971,2,3,1971,2,3,,,3000,600,3600,2000,14455,13.83598355
2001,Volcanic activity,Ash fall,Mt. Mayon,Philippines (the),PHL,South-Eastern Asia,Asia,,,2001,7,25,2001,7,25,,,57645,,57645,1788,2955,60.50357889
1991,Volcanic activity,Ash fall,Mt. Lokon,Indonesia,IDN,South-Eastern Asia,Asia,1.36 N,124.79 E,1991,10,24,1991,10,24,,,7679,,7679,1000,2149,46.53662061
2001,Volcanic activity,Ash fall,Mt. Mayon,Philippines (the),PHL,South-Eastern Asia,Asia,13.257,123.685,2001,5,24,2001,5,24,,,25576,,25576,792,1309,60.50357889
1995,Volcanic activity,Ash fall,Cerro Negro,Nicaragua,NIC,Central America,Americas,12.5 N,86.7 W,1995,11,21,1995,11,21,,,12000,,12000,722,1387,52.06929869
1976,Volcanic activity,Ash fall,Mount Taal,Philippines (the),PHL,South-Eastern Asia,Asia,,,1976,9,3,1976,9,3,,,11510,,11510,679,3492,19.44554409
1969,Volcanic activity,Ash fall,,Indonesia,IDN,South-Eastern Asia,Asia,,,1969,,,1969,,,,,250000,,250000,200,1596,12.53467526
1975,Volcanic activity,Ash fall,El Sangay,Ecuador,ECU,South America,Americas,,,1975,7,8,1975,7,8,,,,,,,,18.38912907
1975,Volcanic activity,Ash fall,,Ecuador,ECU,South America,Americas,,,1975,12,,1975,12,,,,,,,,,18.38912907
1976,Volcanic activity,Ash fall,Mt Arenal,Costa Rica,CRI,Central America,Americas,,,1976,10,21,1976,10,21,,,70000,,70000,,,19.44554409
1976,Volcanic activity,Ash fall,Mount Soufriere,Guadeloupe,GLP,Caribbean,Americas,,,1976,8,30,1976,8,30,,3,75000,,75003,,,19.44554409
1943,Volcanic activity,Ash fall,Paricutin,Mexico,MEX,Central America,Americas,,,1943,2,20,1943,2,20,,,3000,,3000,,,5.92609557
1946,Volcanic activity,Ash fall,Niuafo'ou,Tonga,TON,Polynesia,Oceania,,,1946,,,1946,,,,,2500,,2500,,,6.678253854
1956,Volcanic activity,Ash fall,Mount Bezymianny,Soviet Union,SUN,Russian Federation,Europe,,,1956,3,20,1956,3,20,,,,,,,,9.288531531
1957,Volcanic activity,Ash fall,Manam,Papua New Guinea,PNG,Melanesia,Oceania,-4.08,145.037,1957,12,,1957,12,,,,3200,,3200,,,9.598904063
1960,Volcanic activity,Ash fall,Manam,Papua New Guinea,PNG,Melanesia,Oceania,-4.08,145.037,1960,3,17,1960,3,17,,,2000,,2000,,,10.10576299
1969,Volcanic activity,Ash fall,Mount Kanlaon,Philippines (the),PHL,South-Eastern Asia,Asia,,,1969,10,5,1969,10,5,,,1700,,1700,,,12.53467526
1971,Volcanic activity,Ash fall,Tinakula,Solomon Islands,SLB,Melanesia,Oceania,,,1971,,,1971,,,,,6000,,6000,,,13.83598355
1977,Volcanic activity,Ash fall,La Fournaise,RÇunion,REU,Eastern Africa,Africa,,,1977,4,8,1977,4,8,,,1000,,1000,,,20.7098325
1978,Volcanic activity,Ash fall,Mount Mayon,Philippines (the),PHL,South-Eastern Asia,Asia,,,1978,5,,1978,5,,,,25000,,25000,,,22.29019504
1978,Volcanic activity,Ash fall,Bulusan,Philippines (the),PHL,South-Eastern Asia,Asia,,,1978,8,,1978,8,,,,1000,,1000,,,22.29019504
1971,Volcanic activity,Ash fall,Mount Soufriere,Saint Vincent and the Grenadines,VCT,Caribbean,Americas,,,1971,10,17,1971,10,17,,,2000,,2000,,,13.83598355
1983,Volcanic activity,Ash fall,Santiaquito,Guatemala,GTM,Central America,Americas,,,1983,7,6,1983,7,6,,,3500,,3500,,,34.03326363
1984,Volcanic activity,Ash fall,Zaltenango,Guatemala,GTM,Central America,Americas,,,1984,7,6,1984,7,6,,,3000,,3000,,,35.49688113
1987,Volcanic activity,Ash fall,Pacayo,Guatemala,GTM,Central America,Americas,,,1987,1,21,1987,1,25,,35,3000,,3035,,,38.82560081
1988,Volcanic activity,Ash fall,Lonquimay,Chile,CHL,South America,Americas,,,1988,12,,1988,12,,,,2000,,2000,,,40.40880605
1988,Volcanic activity,Ash fall,Nevado Del Ruiz,Colombia,COL,South America,Americas,,,1988,3,25,1988,3,25,,,1900,,1900,,,40.40880605
1980,Volcanic activity,Ash fall,Gamalama,Indonesia,IDN,South-Eastern Asia,Asia,,,1980,9,4,1980,9,4,,,52235,,52235,,,28.15888663
1982,Volcanic activity,Ash fall,Mt. Soputan,Indonesia,IDN,South-Eastern Asia,Asia,,,1982,8,26,1982,8,26,,,30000,,30000,,,32.97399781
1983,Volcanic activity,Ash fall,Mt. Gamkunoro,Indonesia,IDN,South-Eastern Asia,Asia,,,1983,6,28,1983,6,28,,,2500,,2500,,,34.03326363
1983,Volcanic activity,Ash fall,,Iceland,ISL,Northern Europe,Europe,,,1983,5,29,1983,5,29,,,,,,,,34.03326363
1983,Volcanic activity,Ash fall,Mount Oyama,Japan,JPN,Eastern Asia,Asia,,,1983,10,3,1983,10,3,,,4500,1100,5600,,,34.03326363
1983,Volcanic activity,Ash fall,Rabaul,Papua New Guinea,PNG,Melanesia,Oceania,-4.271,152.203,1983,10,15,1983,10,15,,,25000,,25000,,,34.03326363
1984,Volcanic activity,Ash fall,Mt. Soputan,Indonesia,IDN,South-Eastern Asia,Asia,,,1984,5,25,1984,5,25,,,6000,,6000,,,35.49688113
1984,Volcanic activity,Ash fall,Mt. Karangetan,Indonesia,IDN,South-Eastern Asia,Asia,,,1984,9,5,1984,9,5,,,17000,,17000,,,35.49688113
1984,Volcanic activity,Ash fall,Mt. Merapi,Indonesia,IDN,South-Eastern Asia,Asia,,,1984,6,15,1984,6,15,,,5000,,5000,,,35.49688113
1984,Volcanic activity,Ash fall,Mount Krafla,Iceland,ISL,Northern Europe,Europe,,,1984,9,5,1984,9,5,,,,,,,,35.49688113
1984,Volcanic activity,Ash fall,Mayon,Philippines (the),PHL,South-Eastern Asia,Asia,,,1984,9,10,1984,9,10,,,70000,,70000,,,35.49688113
1985,Volcanic activity,Ash fall,Mt. Sangeang,Indonesia,IDN,South-Eastern Asia,Asia,,,1985,7,30,1985,7,30,,,1078,,1078,,,36.75546794
1986,Volcanic activity,Ash fall,Mount Mihara,Japan,JPN,Eastern Asia,Asia,,,1986,11,21,1986,11,21,,,13000,,13000,,,37.45311166
1987,Volcanic activity,Ash fall,Mt. Mandosawu,Indonesia,IDN,South-Eastern Asia,Asia,,,1987,12,28,1987,12,28,,,13000,,13000,,,38.82560081
1988,Volcanic activity,Ash fall,Mt. Kiebessy,Indonesia,IDN,South-Eastern Asia,Asia,,,1988,7,17,1988,7,17,,,1570,,1570,,,40.40880605
1991,Volcanic activity,Ash fall,Mt Hudson,Argentina,ARG,South America,Americas,45.54 S,72.58 W,1991,8,13,1991,8,13,,,62000,1200,63200,,,46.53662061
1991,Volcanic activity,Ash fall,Kartala,Comoros (the),COM,Eastern Africa,Africa,,,1991,7,3,1991,7,3,,,,200,200,,,46.53662061
1991,Volcanic activity,Ash fall,Pacaya,Costa Rica,CRI,Central America,Americas,14.40 N,90.60 W,1991,8,8,1991,8,8,,,,,,,,46.53662061
1989,Volcanic activity,Ash fall,Mt. Soputan,Indonesia,IDN,South-Eastern Asia,Asia,,,1989,4,23,1989,4,23,,,3000,,3000,,,42.35934309
1990,Volcanic activity,Ash fall,Sabancayo,Peru,PER,South America,Americas,15.78 S,71.85 W,1990,6,4,1990,6,4,,,4000,,4000,,,44.64587744
1991,Volcanic activity,Ash fall,Mt. Etna,Italy,ITA,Southern Europe,Europe,37.734,15.004,1991,12,15,1991,12,15,,,7000,,7000,,,46.53662061
1991,Volcanic activity,Ash fall,Poon Bato,Philippines (the),PHL,South-Eastern Asia,Asia,,,1991,4,5,1991,4,5,,,,2000,2000,,,46.53662061
1991,Volcanic activity,Ash fall,Taal,Philippines (the),PHL,South-Eastern Asia,Asia,14 N,121 E,1991,4,,1991,4,,,,,3800,3800,,,46.53662061
1992,Volcanic activity,Ash fall,Pacaya,Guatemala,GTM,Central America,Americas,14.40 N,90.60 W,1992,1,8,1992,1,8,,,5000,,5000,,,47.94612964
1992,Volcanic activity,Ash fall,Unzen,Japan,JPN,Eastern Asia,Asia,32.75 N,130.3 E,1992,4,17,1992,4,17,,,40000,,40000,,,47.94612964
1992,Volcanic activity,Ash fall,Taal,Philippines (the),PHL,South-Eastern Asia,Asia,14 N,121 E,1992,2,14,1992,2,14,,,1578,,1578,,,47.94612964
1992,Volcanic activity,Ash fall,Manam,Papua New Guinea,PNG,Melanesia,Oceania,-4.08,145.037,1992,10,14,1992,10,14,,,,,,,,47.94612964
1994,Volcanic activity,Ash fall,Colima,Mexico,MEX,Central America,Americas,19.50 N,103.60 W,1994,7,22,1994,7,22,,,700,,700,,,50.64840266
1994,Volcanic activity,Ash fall,Popocatepelt,Mexico,MEX,Central America,Americas,19.02 N,98.62 W,1994,12,21,1994,12,21,,,75000,,75000,,,50.64840266
1995,Volcanic activity,Ash fall,Fogo,Cabo Verde,CPV,Western Africa,Africa,,,1995,4,3,1995,5,,,6,1300,5000,6306,,,52.06929869
1995,Volcanic activity,Ash fall,Chance's Peak,Montserrat,MSR,Caribbean,Americas,,,1995,7,18,1995,12,,,,5000,,5000,,,52.06929869
1995,Volcanic activity,Ash fall,Mount Ruapehu,New Zealand,NZL,Australia and New Zealand,Oceania,39.28 S,175.57 E,1995,9,24,1995,9,24,,,70,,70,,,52.06929869
1995,Volcanic activity,Ash fall,Mt Pinatubo,Philippines (the),PHL,South-Eastern Asia,Asia,,,1995,7,29,1995,7,30,,,,2500,2500,,,52.06929869
1996,Volcanic activity,Ash fall,Pacaya,Guatemala,GTM,Central America,Americas,14.4 N,90.6 W,1996,11,11,1996,11,11,,,743,,743,,,53.59556085
1996,Volcanic activity,Ash fall,Soufriäre,Montserrat,MSR,Caribbean,Americas,,,1996,7,29,1996,7,29,,,4000,,4000,,,53.59556085
1998,Volcanic activity,Ash fall,Arenal,Costa Rica,CRI,Central America,Americas,10.50 N,84.70 E,1998,5,5,1998,5,5,,,450,,450,,,55.69986281
1998,Volcanic activity,Ash fall,Pacaya,Guatemala,GTM,Central America,Americas,14.40 N,90.60 W,1998,5,20,1998,5,20,,,600,,600,,,55.69986281
1998,Volcanic activity,Ash fall,Mt. Merapi,Indonesia,IDN,South-Eastern Asia,Asia,7.50 S,110.4 E,1998,7,11,1998,7,11,,,6000,,6000,,,55.69986281
1998,Volcanic activity,Ash fall,"Mount Colima, Mount Popocatepel",Mexico,MEX,Central America,Americas,19.50 N,103.60 W,1998,11,22,1998,11,22,,,758,,758,,,55.69986281
1996,Volcanic activity,Ash fall,Tavurvur,Papua New Guinea,PNG,Melanesia,Oceania,4.3 S,152.2 E,1996,10,6,1996,10,6,,,300,,300,,,53.59556085
1997,Volcanic activity,Ash fall,Adatara,Trinidad and Tobago,TTO,Caribbean,Americas,,,1997,2,22,1997,2,22,,,,200,200,,,54.84845417
1999,Volcanic activity,Ash fall,Mont Cameroon,Cameroon,CMR,Middle Africa,Africa,4.2 N,9.17 E,1999,4,4,1999,4,4,,,2500,510,3010,,,56.91858704
1999,Volcanic activity,Ash fall,"Guagua Pinchicha, Tungurahua",Ecuador,ECU,South America,Americas,0.17 S,78.6 W,1999,9,,1999,9,,,,22000,2200,24200,,,56.91858704
1999,Volcanic activity,Ash fall,Mount Colima,Mexico,MEX,Central America,Americas,19.51 N,103.62 W,1999,2,,1999,2,,,,650,,650,,,56.91858704
1999,Volcanic activity,Ash fall,San Crist¢bal,Nicaragua,NIC,Central America,Americas,12.7 N,87 W,1999,11,20,1999,11,20,,,3500,,3500,,,56.91858704
1999,Volcanic activity,Ash fall,Cerro Negro,Nicaragua,NIC,Central America,Americas,12.5 N,86.7 W,1999,8,5,1999,8,5,,,2195,,2195,,,56.91858704
2000,Volcanic activity,Ash fall,Pacaya,Guatemala,GTM,Central America,Americas,14.381,-90.601,2000,1,16,2000,1,16,,,800,,800,,,58.84064849
2000,Volcanic activity,Ash fall,Mt. Isu,Japan,JPN,Eastern Asia,Asia,34.92,139.12,2000,3,31,2000,4,13,,,12400,,12400,,,58.84064849
2000,Volcanic activity,Ash fall,Mt. Oyama,Japan,JPN,Eastern Asia,Asia,,,2000,8,10,2000,8,10,,,4000,,4000,,,58.84064849
2000,Volcanic activity,Ash fall,PopocatÇpetl,Mexico,MEX,Central America,Americas,19.023,-98.622,2000,12,18,2000,12,19,,,41000,,41000,,,58.84064849
2002,Volcanic activity,Ash fall,Reventador,Ecuador,ECU,South America,Americas,,,2002,11,3,2002,11,4,,,128150,,128150,,,61.46318826
2002,Volcanic activity,Ash fall,Tungurahua,Ecuador,ECU,South America,Americas,-1.467,-78.442,2002,10,2,2002,10,2,,,21500,,21500,,,61.46318826
2002,Volcanic activity,Ash fall,de Fuego,Guatemala,GTM,Central America,Americas,14.473,-90.88,2002,2,13,2002,2,13,,,,,,,,61.46318826
2002,Volcanic activity,Ash fall,Mt. Papandayan,Indonesia,IDN,South-Eastern Asia,Asia,,,2002,11,11,2002,11,11,,,5000,,5000,,,61.46318826
2002,Volcanic activity,Ash fall,Colima,Mexico,MEX,Central America,Americas,19.514,-103.62,2002,2,6,2002,2,6,,,300,,300,,,61.46318826
2001,Volcanic activity,Ash fall,Lopevi,Vanuatu,VUT,Melanesia,Oceania,-16.507,168.346,2001,6,8,2001,6,8,,,4500,,4500,,,60.50357889
2001,Volcanic activity,Ash fall,Mt. Nyamuragira,Congo (the Democratic Republic of the),COD,Middle Africa,Africa,-1.408,29.2,2001,2,5,2001,2,5,,,,,,,,60.50357889
2002,Volcanic activity,Ash fall,Mt Pago,Papua New Guinea,PNG,Melanesia,Oceania,,,2002,7,2,2002,7,2,,,13000,,13000,,,61.46318826
2003,Volcanic activity,Ash fall,Tungurahua,Ecuador,ECU,South America,Americas,-1.467,-78.442,2003,6,5,2003,7,5,,,25000,,25000,,,62.8584595
2004,Volcanic activity,Ash fall,Mt. Egon,Indonesia,IDN,South-Eastern Asia,Asia,,,2004,1,29,2004,1,29,,,4615,,4615,,,64.54132928
2004,Volcanic activity,Ash fall,Mt. Awu,Indonesia,IDN,South-Eastern Asia,Asia,,,2004,6,1,2004,6,7,,100,16728,,16828,,,64.54132928
2004,Volcanic activity,Ash fall,Mt. Egon,Indonesia,IDN,South-Eastern Asia,Asia,,,2004,9,4,2004,9,4,,,2100,,2100,,,64.54132928
2005,Volcanic activity,Ash fall,Karthala,Comoros (the),COM,Eastern Africa,Africa,,,2005,4,16,2005,4,16,,,39000,,39000,,,66.73105799
2005,Volcanic activity,Ash fall,Mt. Talang,Indonesia,IDN,South-Eastern Asia,Asia,,,2005,4,12,2005,4,12,,,26000,,26000,,,66.73105799
2003,Volcanic activity,Ash fall,Mt Anatahan,Northern Mariana Islands (the),MNP,Micronesia,Oceania,,,2003,5,10,2003,5,10,,,,,,,,62.8584595
2004,Volcanic activity,Ash fall,,Papua New Guinea,PNG,Melanesia,Oceania,,,2004,10,,2004,11,,,,9600,,9600,,,64.54132928
2005,Volcanic activity,Ash fall,Galeras,Colombia,COL,South America,Americas,1.22,-77.37,2005,11,24,2005,11,24,,,,,,,,66.73105799
2005,Volcanic activity,Ash fall,Mount Arteala,Ethiopia,ETH,Eastern Africa,Africa,12.623,40.46,2005,9,,2005,10,,,,9000,,9000,,,66.73105799
2006,Volcanic activity,Ash fall,Galeras,Colombia,COL,South America,Americas,,,2006,3,28,2006,7,12,,,8500,,8500,,,68.88375871
2006,Volcanic activity,Ash fall,Mount Galeras,Colombia,COL,South America,Americas,,,2006,7,12,2006,7,12,,,8500,,8500,,,68.88375871
2006,Volcanic activity,Ash fall,Karthala,Comoros (the),COM,Eastern Africa,Africa,,,2006,5,28,2006,5,28,,,,,,,,68.88375871
2006,Volcanic activity,Ash fall,Tungurahua,Ecuador,ECU,South America,Americas,-1.467,-78.442,2006,5,10,2006,5,23,,,250,,250,,,68.88375871
2006,Volcanic activity,Ash fall,Mt. Merapi,Indonesia,IDN,South-Eastern Asia,Asia,,,2006,4,18,2006,5,15,,,11000,,11000,,,68.88375871
2007,Volcanic activity,Ash fall,Nevado del Huila,Colombia,COL,South America,Americas,2.93,-76.03,2007,4,18,2007,4,18,,,3000,,3000,,,70.8487927
2005,Volcanic activity,Ash fall,"Langila, Manam",Papua New Guinea,PNG,Melanesia,Oceania,-4.08,145.037,2005,6,2,2005,6,10,,,15000,,15000,,,66.73105799
2005,Volcanic activity,Ash fall,Mt. Ambae,Vanuatu,VUT,Melanesia,Oceania,-16.507,168.346,2005,11,27,2005,11,27,,,5000,,5000,,,66.73105799
2006,Volcanic activity,Ash fall,Soufriere,Montserrat,MSR,Caribbean,Americas,,,2006,12,26,2006,,,,,200,,200,,,68.88375871
2006,Volcanic activity,Ash fall,Ubinas,Peru,PER,South America,Americas,-16.355,-70.9,2006,3,27,2006,4,23,,,3000,,3000,,,68.88375871
2006,Volcanic activity,Ash fall,Mt. Mayon,Philippines (the),PHL,South-Eastern Asia,Asia,13.257,123.685,2006,8,13,2006,8,13,,,43849,,43849,,,68.88375871
2006,Volcanic activity,Ash fall,Tavurvur,Papua New Guinea,PNG,Melanesia,Oceania,,,2006,10,7,2006,10,7,,,1221,,1221,,,68.88375871
2006,Volcanic activity,Ash fall,Karai,Papua New Guinea,PNG,Melanesia,Oceania,,,2006,7,13,2006,7,13,,,2078,,2078,,,68.88375871
2006,Volcanic activity,Ash fall,Lopevi,Vanuatu,VUT,Melanesia,Oceania,-16.507,168.346,2006,5,9,2006,5,9,,,,,,,,68.88375871
2007,Volcanic activity,Ash fall,Mt. Gamkonora,Indonesia,IDN,South-Eastern Asia,Asia,,,2007,7,9,2007,7,9,,,9758,,9758,,,70.8487927
2007,Volcanic activity,Ash fall,Mt. Kelud,Indonesia,IDN,South-Eastern Asia,Asia,-7.93,112.308,2007,10,16,2007,10,18,,,22154,,22154,,,70.8487927
2008,Volcanic activity,Ash fall,Chaiten,Argentina,ARG,South America,Americas,-42.833,-72.65,2008,5,7,2008,5,7,,,,,,,,73.56874554
2008,Volcanic activity,Ash fall,Chaiten,Chile,CHL,South America,Americas,-42.833,-72.65,2008,5,2,2008,5,6,,,8000,,8000,,,73.56874554
2008,Volcanic activity,Ash fall,Mount Galeras,Colombia,COL,South America,Americas,,,2008,1,17,2008,1,17,,,150,,150,,,73.56874554
2008,Volcanic activity,Ash fall,Nevado del Huila,Colombia,COL,South America,Americas,,,2008,4,14,2008,4,14,,,14201,,14201,,,73.56874554
2008,Volcanic activity,Ash fall,Mt. Egon,Indonesia,IDN,South-Eastern Asia,Asia,,,2008,4,15,2008,4,15,,,600,,600,,,73.56874554
2007,Volcanic activity,Ash fall,Mt. Bulusan,Philippines (the),PHL,South-Eastern Asia,Asia,12.77,124.05,2007,7,31,2007,7,31,,,14036,,14036,,,70.8487927
2008,Volcanic activity,Ash fall,Mt. Ambrym,Vanuatu,VUT,Melanesia,Oceania,,,2008,12,,2009,4,,,,9000,,9000,,,73.56874554
2010,Volcanic activity,Ash fall,Eyjafjallajokull,Iceland,ISL,Northern Europe,Europe,63.62959,-19.64,2010,3,,2010,4,,,,,,,,,74.50944408
2010,Volcanic activity,Ash fall,Tungurahua,Ecuador,ECU,South America,Americas,-1.467,-78.442,2010,5,28,2010,5,28,,,2500,,2500,,,74.50944408
2010,Volcanic activity,Ash fall,Pacaya volcano,Guatemala,GTM,Central America,Americas,14.381,-90.601,2010,5,27,2010,5,27,,,1800,,1800,,,74.50944408
2011,Volcanic activity,Ash fall,"Volcano ""Puyehue""",Chile,CHL,South America,Americas,-40.59,-72.12,2011,6,4,2011,6,17,,,3500,,3500,,,76.86159538
2009,Volcanic activity,Ash fall,Mt. Mayon,Philippines (the),PHL,South-Eastern Asia,Asia,13.257,123.685,2009,12,14,2009,12,20,,,47137,,47137,,,73.30717672
2010,Volcanic activity,Ash fall,Mt. Bulusan,Philippines (the),PHL,South-Eastern Asia,Asia,12.77,124.05,2010,11,9,2010,11,9,,,14161,,14161,,,74.50944408
2011,Volcanic activity,Ash fall,Mt. Bulusan,Philippines (the),PHL,South-Eastern Asia,Asia,12.77,124.05,2011,2,21,2011,2,21,,,32616,,32616,,,76.86159538
2009,Volcanic activity,Ash fall,Mt. Garet,Vanuatu,VUT,Melanesia,Oceania,,,2009,11,26,2009,11,26,,,400,,400,,,73.30717672
2011,Volcanic activity,Ash fall,Mt. Lokon,Indonesia,IDN,South-Eastern Asia,Asia,1.358333,124.79,2011,7,11,2011,7,17,,,,6000,6000,,,76.86159538
2012,Volcanic activity,Ash fall,,Guatemala,GTM,Central America,Americas,,,2012,9,13,2012,9,13,,,10000,,10000,,,78.45211388
2013,Volcanic activity,Ash fall,Mt. Sinabung,Indonesia,IDN,South-Eastern Asia,Asia,3.17,98.392,2013,9,,2013,12,,,,29727,,29727,,,79.60130942
2011,Volcanic activity,Ash fall,Mt. Taal,Philippines (the),PHL,South-Eastern Asia,Asia,14.002,120.993,2011,3,17,2011,4,18,,,1315,,1315,,,76.86159538
2013,Volcanic activity,Ash fall,Mount Ubinas,Peru,PER,South America,Americas,,,2013,9,12,2014,5,23,,,1040,,1040,,,79.60130942
2013,Volcanic activity,Ash fall,Chaparrastique Volcano,El Salvador,SLV,Central America,Americas,,,2013,12,29,2013,12,29,,,63079,,63079,,,79.60130942
2014,Volcanic activity,Lava flow,Pico do Fogo,Cabo Verde,CPV,Western Africa,Africa,,,2014,11,23,2015,1,31,,,2500,,2500,,,80.89262372
2015,Volcanic activity,Ash fall,Calbuco,Argentina,ARG,South America,Americas,,,2015,4,24,2015,4,24,,,,,,,,80.98857899
2015,Volcanic activity,Ash fall,Villarrica,Chile,CHL,South America,Americas,,,2015,3,,2015,3,,,,3600,,3600,,,80.98857899
2015,Volcanic activity,Ash fall,Turrialba,Costa Rica,CRI,Central America,Americas,,,2015,3,12,2015,3,12,,,18450,,18450,,,80.98857899
2015,Volcanic activity,Lava flow,Cotopaxi,Ecuador,ECU,South America,Americas,-0.677,-78.436,2015,8,14,2015,8,22,,,800000,,800000,,,80.98857899
2015,Volcanic activity,,Tungurahua,Ecuador,ECU,South America,Americas,-1.467,-78.442,2015,11,17,2016,3,,,,130042,,130042,,,80.98857899
2014,Volcanic activity,,Mt. Mayon,Philippines (the),PHL,South-Eastern Asia,Asia,13.257,123.685,2014,9,16,2014,12,3,,,60545,,60545,,,80.89262372
2014,Volcanic activity,Ash fall,Mt. Bagana,Papua New Guinea,PNG,Melanesia,Oceania,,,2014,8,9,2014,8,9,,,1380,,1380,,,80.89262372
2017,Volcanic activity,,Mt. Agung,Indonesia,IDN,South-Eastern Asia,Asia,,,2017,9,22,2017,11,28,,,133349,,133349,,,83.75725455
2018,Volcanic activity,Ash fall,Mt. Agung,Indonesia,IDN,South-Eastern Asia,Asia,,,2018,1,14,2018,1,14,,,50000,,50000,,,85.80302606
2018,Volcanic activity,,,Papua New Guinea,PNG,Melanesia,Oceania,,,2018,1,5,2018,1,6,,,736,,736,,,85.80302606
2019,Volcanic activity,Ash fall,Mount Ulawun and Manam,Papua New Guinea,PNG,Melanesia,Oceania,,,2019,6,28,2019,6,28,,,15800,,15800,,,87.35800677
2017,Volcanic activity,Ash fall,Mt Monaro,Vanuatu,VUT,Melanesia,Oceania,,,2017,9,23,2017,10,2,,,11000,,11000,,,83.75725455
2018,Volcanic activity,Ash fall,Ambryn,Vanuatu,VUT,Melanesia,Oceania,,,2018,12,15,2018,12,18,,,7286,,7286,,,85.80302606
2018,Volcanic activity,Ash fall,Aoba (Manaro Voui),Vanuatu,VUT,Melanesia,Oceania,,,2018,3,,2018,5,,,,6300,,6300,,,85.80302606
2019,Volcanic activity,Ash fall,Ubinas,Bolivia (Plurinational State of),BOL,South America,Americas,,,2019,7,19,2019,7,23,,,3000,,3000,,,87.35800677
2020,Volcanic activity,Ash fall,Sangay,Ecuador,ECU,South America,Americas,,,2020,9,20,2020,9,20,,,18685,,18685,,,88.43564081
2019,Volcanic activity,Ash fall,Ubinas,Peru,PER,South America,Americas,,,2019,7,19,2019,7,22,,,30000,,30000,,,87.35800677
2020,Volcanic activity,Ash fall,Lewotolo Volcano,Indonesia,IDN,South-Eastern Asia,Asia,,,2020,11,29,2020,12,31,,,19736,,19736,,,88.43564081
2020,Volcanic activity,Lava flow,Mount Semeru,Indonesia,IDN,South-Eastern Asia,Asia,,,2020,12,1,2020,12,1,,,550,,550,,,88.43564081
2021,Volcanic activity,Ash fall,Mount Sangay,Ecuador,ECU,South America,Americas,,,2021,3,,2021,3,15,,,133306,,133306,,,92.59019293
2021,Volcanic activity,Lava flow,Mount Merapi,Indonesia,IDN,South-Eastern Asia,Asia,,,2021,1,17,2021,1,17,,,1329,,1329,,,92.59019293
2022,Volcanic activity,Pyroclastic flow,Mount Merapi,Indonesia,IDN,South-Eastern Asia,Asia,,,2022,3,6,2022,3,10,,,253,,253,,,100
2021,Volcanic activity,Lava flow,Mount Nyiragongo,Rwanda,RWA,Eastern Africa,Africa,,,2021,5,22,2021,5,23,,,11625,1740,13365,,,92.59019293
2021,Volcanic activity,,Taal volcano,Philippines (the),PHL,South-Eastern Asia,Asia,,,2021,7,1,2021,7,23,,,22433,,22433,,,92.59019293
2021,Volcanic activity,Ash fall,Volcano 'Yasur',Vanuatu,VUT,Melanesia,Oceania,,,2021,10,21,2021,10,22,,,3383,,3383,,,92.59019293
2022,Volcanic activity,Ash fall,Mount Semeru,Indonesia,IDN,South-Eastern Asia,Asia,,,2022,12,4,2022,12,5,,,2489,,2489,,,100
2022,Volcanic activity,,Taal,Philippines (the),PHL,South-Eastern Asia,Asia,,,2022,3,26,2022,3,31,,,10415,,10415,,,100
2023,Volcanic activity,Ash fall,Mount Fuego,Guatemala,GTM,Central America,Americas,,,2023,5,5,2023,5,5,,,1054,,1054,,,
2023,Volcanic activity,Lava flow,Mount 'Mayon',Philippines (the),PHL,South-Eastern Asia,Asia,,,2023,6,5,2023,6,29,,628,41500,,42128,,,
